,filename,daytime,nighttime,dense,sparse,bg dynamic,bg static,scene,color
scene:,,,,,,,,Count (All):,
Blur,,,,,,,,18,
,a-blurred-man-raises-his-arms-into-a-emotional-cathartic-pose-in-heavy-rain-SBV-328684849-preview.mp4,1,,1,,,1,Blur,Blue
,a-blurred-out-drenched-man-walks-towards-camera-in-a-heavy-rain-storm-SBV-328684887-preview.mp4,1,,1,,,1,Blur,Green / Blue
,behind-medieval-prison-bars-with-rain-outside-4k-SBV-301051851-preview.mp4,1,,1,,,1,Blur,Colorful
,close-up-woman-hand-reaching-for-the-rain-drops-on-heavy-raining-day-wet-hand--SBV-346722441-preview.mp4,1,,,1,1,,Blur,Colorful
,female-hand-reaching-out-her-hand-to-feel-the-rain-drops-under-heavy-rain-clos-SBV-346620847-preview.mp4,1,,,1,1,,Blur,Colorful
,hand-in-rain-on-background-of-trees-slow-mo-SBV-318031223-preview.mp4,1,,1,,1,1,Blur,Colorful
,leaves-of-trees-being-hit-with-water-droplets-slow-motion-SBV-346666287-preview.mp4,1,,,1,,1,Blur,Colorful
,rain-falls-on-a-mans-hand-close-up-SBV-335175412-preview.mp4,1,,,1,1,,Blur,Colorful
,slow-motion-180fps-closeup-mans-open-hand-points-upward-in-thunderstorm-SBV-328685171-preview.mp4,1,,1,,,1,Blur,Colorful
,rain-in-the-forest-at-sunset-cobwebs-in-small-drops-of-rain-SBV-338666785-preview.mp4,1,,1,,,1,Blur,Yellow
,rain-in-the-forest-at-sunset-cobwebs-in-small-drops-of-rain-SBV-338793578-preview.mp4,1,,1,,,1,Blur,Yellow
,night-rain-and-light-SBV-300249674-preview.mp4,,1,1,,,1,Blur,White / Black
,rain-drips-from-the-roof-slow-motion-SBV-316878149-preview.mp4,1,,1,,,1,Blur,Green
,slow-motion-raining-on-iron-shelf-SBV-316175784-preview.mp4,1,,,1,,1,Blur,Green
,summer-rain-and-green-background-SBV-317718947-preview.mp4,1,,1,,,1,Blur,Green
,heavy-rain-drops-dripping-from-concrete-building-edge-SBV-307879073-preview.mp4,1,,1,,,1,Blur,White / Green
,illuminated-public-lamp-in-dark-night-and-heavy-rain-town-streetlight-SBV-316279290-preview.mp4,,1,1,,,1,Blur,Black / Yellow
,slow-motion-shot-of-pouring-rain-and-drops-falling-and-splashing-on-outside-be-SBV-338071678-preview.mp4,1,,1,,,1,Blur,Brown
Human,,,,,,,,4,
,a-soaked-man-walks-away-into-a-forest-in-a-heavy-rain-and-storm-SBV-328684702-preview.mp4,1,,1,,,1,Human,Green / Blue
,catharsis-a-man-stands-with-his-arms-spread-apart-triumphantly-in-a-rain-storm-SBV-328684993-preview.mp4,1,,1,,,1,Human,Green / Blue
,kids-in-the-pouring-rain-having-fun-jumping-with-umbrellas-slow-motion-SBV-338242878-preview.mp4,1,,1,,1,,Human,Colorful
,people-walking-to-the-bus-in-heavy-rain-SBV-322461344-preview.mp4,1,,1,,1,,Human,Colorful
Table,,,,,,,,1,
,a-glass-drink-tequila-left-out-in-a-rainstorm-is-pelted-in-slow-motion-SBV-328654856-preview,1,,,1,,1,Table,Colorful
Building,,,,,,,,24,
,beautiful-view-of-rain-drops-falling-down-from-the-sky-and-roof-of-a-building--SBV-311295655-preview.mp4,1,,1,,,1,Building,Colorful
,cu-rain-pouring-from-thatched-roof-of-hut-SBV-311475520-preview.mp4,1,,1,,,1,Building,Colorful
,hailstorm-is-crashing-onto-the-roof-of-an-house-in-a-village-SBV-338650103-preview.mp4,1,,1,,,1,Building,Colorful
,its-raining-he-hits-the-roof-the-water-is-draining-downpour-in-the-city-SBV-316828214-preview.mp4,1,,1,,,1,Building,Colorful
,railing-with-rain-pouring-down-in-storm-SBV-301105791-preview.mp4,1,,1,,,1,Building,Colorful
,rain-water-falling-from-roof-downpour-in-the-summer-storm-and-rain-drops-on-th-SBV-337775828-preview.mp4,1,,,1,,1,Building,Colorful
,slow-motion-this-is-a-close-up-view-of-streams-of-rain-water-pouring-from-shiv-SBV-314249789-preview.mp4,1,,1,,,1,Building,Colorful
,tropical-cloudburst-on-the-kwai-river-in-thailand-SBV-304882324-preview.mp4,1,,1,,,1,Building,Colorful
,tropical-rainfall-in-forest-green-leaves-and-red-flower-SBV-307879981-preview.mp4,1,,1,,,1,Building,Colorful
,close-up-of-rain-dripping-off-a-roof-SBV-300129216-preview.mp4,1,,,1,,1,Building,Orange / Green
,extreme-tropical-rain-pours-from-roof-SBV-300146663-preview.mp4,,1,1,,,1,Building,Black
,raining-on-bungalow-roof-during-tropical-rain-in-jungle-SBV-304631486-preview.mp4,1,,1,,,1,Building,Black
,heavy-rain-flowing-from-roof-of-house-close-up-slow-motion-SBV-338161757-preview.mp4,1,,,1,,1,Building,White / Black
,rain-falls-down-from-a-roof-SBV-333001950-preview.mp4,1,,1,,,1,Building,White / Black
,water-dripping-from-gutter-of-house-in-slow-motion-SBV-329417316-preview.mp4,1,,1,,,1,Building,White / Black
,heavy-rain-and-over-flowing-gutters-SBV-326770510-preview.mp4,1,,1,,,1,Building,White / Blue
,heavy-rain-pouring-over-a-building-in-contruction-close-up-shot-SBV-335484804-preview.mp4,1,,1,,,1,Building,Red
,rain-pouring-and-making-roof-and-palm-wet-SBV-338599025-preview.mp4,1,,1,,,1,Building,Red
,rain-dropping-from-a-roof-rain-water-runs-down-the-roof-of-the-building-gloomy-SBV-337775821-preview.mp4,1,,,1,,1,Building,White
,rain-drops-from-carved-tile-roof-rural-village-house-under-hard-rain-slow-moti-SBV-338161754-preview.mp4,1,,,1,,1,Building,White
,water-drop-falling-on-straw-roof-raining-on-hut-SBV-304631231-preview.mp4,1,,1,,,1,Building,Black / Green
,powerful-rain-at-east-european-city-4k-SBV-307401642-preview.mp4,/,/,/,/,/,/,Building,/
,rain-and-hail-pounding-on-the-roof-SBV-307086483-preview.mp4,1,,,1,,1,Building,Orange
,raining-day-in-the-rome-italy-background-of-heavy-rain-day-on-city-street-real-SBV-327841425-preview.mp4,1,,1,,,1,Building,Black / Blue
/,,,,,,,,8,
,chickens-seeking-shelter-SBV-308659013-preview.mp4,/,/,/,/,/,/,/,Colorful
,rain-and-green-branches-SBV-317718966-preview.mp4,/,/,/,/,/,/,/,/
,rain-drops-falling-on-a-flat-roof-in-the-summer-SBV-312330238-preview.mp4,/,/,/,/,/,/,/,/
,rain-drops-in-montpellier-streets-close-up-view-france-slow-motion-SBV-337891418-preview.mp4,/,/,/,/,/,/,/,/
,rain-falling-over-green-leaves-blurred-background-SBV-308588657-preview.mp4,/,/,/,/,/,/,/,/
,rainy-day-scene-focus-rain-falling-in-sky-with-blur-house-background-SBV-338823352-preview.mp4,/,/,/,/,/,/,/,/
,rainy-storm-outside-derevev-branches-sway-in-the-wind-in-the-rain-in-slow-moti-SBV-325637102-preview.mp4,/,/,/,/,/,/,/,/
,woman-swings-soaked-arm-hands-in-rainstorm-droplets-flowing-out-slow-motion-SBV-331519425-preview.mp4,/,/,/,/,/,/,/,/
Road,,,,,,,,10,
,hooded-woman-walking-near-the-bus-stop-in-the-rain-SBV-322353445-preview.mp4,1,,,1,1,,Road,Colorful
,paris-france-september-29-2017-slow-motion-shot-of-transport-traffic-in-city-s-SBV-338058661-preview.mp4,,1,,1,1,,Road,Colorful
,rain-falling-from-the-sky-overlooking-trees-and-a-city-street-during-the-day-SBV-322631226-preview.mp4,1,,1,,,1,Road,Colorful
,slow-motion-autumn-rain-water-drops-flooding-the-street-road-floods-due-to-the-SBV-337218441-preview.mp4,1,,1,,,1,Road,Colorful
,slow-mov-rain-pouring-on-stairs-SBV-316175749-preview.mp4,1,,1,,,1,Road,Colorful
,rain-road-car-driving-on-urban-roads-in-rainy-weather-road-lantern-illuminates-SBV-327368570-preview.mp4,,1,1,,1,1,Road,Black
,raindrops-falling-onto-bricks-SBV-301105788-preview.mp4,1,,1,,,1,Road,Black
,raindrops-on-driveway-pavement-splashing-in-slow-motion-SBV-329417325-preview.mp4,1,,,1,,1,Road,Black
,slow-motion-of-rain-drops-falling-into-a-water-puddle-with-water-splashing-SBV-338242920-preview.mp4,1,,,1,,1,Road,Grey
,slow-motion-of-rain-drops-falling-into-a-water-puddle-with-water-splashing-SBV-338242923-preview.mp4,1,,,1,,1,Road,Grey
Animal,,,,,,,,1,
,mallard-duck-at-lake-under-rain-slow-motion-SBV-323405048-preview.mp4,1,,,1,,1,Animal,Colorful
Plant,,,,,,,,15,
,neighbourhood-and-green-garden-with-big-palm-under-heavy-rain-SBV-338003201-preview.mp4,1,,1,,,1,Plant,Colorful
,apple-with-dew-on-the-branch-SBV-346407750-preview.mp4,1,,,1,,1,Plant,Yellow
,hd-version-bare-trees-under-snow-with-rain-in-late-autumn-dull-scene-with-bad--SBV-338054340-preview.mp4,1,,1,,,1,Plant,Yellow
,rain-on-a-grassy-farm-SBV-300124117-preview.mp4,1,,1,,1,,Plant,Yellow
,fir-and-a-tree-view-at-the-sky-while-it-is-snowing-and-raining-at-the-same-tim-SBV-320581753-preview.mp4,1,,1,,,1,Plant,White / Black
,grey-heron-on-top-of-a-tree-during-a-rainstorm-SBV-301404400-preview.mp4,1,,1,,,1,Plant,Green
,heavy-rain-falling-on-top-of-trees-shot-from-above-in-a-city-SBV-322631246-preview,1,,1,,,1,Plant,Green
,heavy-rain-in-mountain-area-slow-motion-SBV-321739362-preview.mp4,1,,1,,,1,Plant,Green
,rain-drops-falling-with-tree-in-background-slow-motion-SBV-346666283-preview.mp4,1,,1,,,1,Plant,Green
,rain-falling-in-forest-slow-motion-SBV-337658532-preview.mp4,1,,1,,,1,Plant,Green
,rain-in-sunlit-forest-SBV-300129028-preview.mp4,1,,1,,,1,Plant,Green
,rain-on-a-sunny-day-close-up-of-rain-on-the-background-of-an-evergreen-spruce--SBV-346639511-preview.mp4,1,,1,,1,,Plant,Green
,water-drops-on-green-background-in-garden-abstract-summer-warm-heavy-rain-fall-SBV-346680044-preview.mp4,1,,1,,,1,Plant,Green
,lawn-and-falling-raindrops-at-night-shallow-dof-super-slow-motion-clip-500-fps-SBV-308478825-preview.mp4,1,,1,,,1,Plant,Black / Green
,rain-falls-around-a-broken-torn-tree-branch-during-a-heavy-storm-180fps-SBV-324630310-preview.mp4,1,,1,,,1,Plant,Black / Green
Chair,,,,,,,,4,
,patio-furniture-in-rainfall-slow-motion-SBV-301159211-preview.mp4,1,,,1,,1,Chair,Colorful
,rain-water-drop-falls-on-empty-sunbed-or-deckchair-near-swimming-pool-no-peopl-SBV-346661359-preview.mp4,1,,,1,,1,Chair,Colorful
,slow-motion-a-torrential-downpour-pours-into-the-lake-in-central-park-nyc-SBV-328654714-preview.mp4,1,,1,,,1,Chair,Colorful
,slow-motion-rain-storm-on-a-home-owners-patio-SBV-325657069-preview.mp4,1,,1,,,1,Chair,Colorful
Car,,,,,,,,6,
,slow-motion-close-up-of-raining-on-car-roof-SBV-316175802-preview.mp4,1,,1,,,1,Car,Colorful
,slow-motion-raining-on-car-roof-SBV-316175851-preview.mp4,1,,,1,,1,Car,Colorful
,slow-motion-windshield-wipers-SBV-300129566-preview.mp4,1,,,1,1,1,Car,Black
,two-cars-parked-at-the-roadside-under-the-heavy-rain-in-night-city-logo-washed-SBV-338018005-preview.mp4,1,,1,,1,1,Car,Black
,macro-close-up-shot-of-raindrops-falling-on-car-in-slow-motion-SBV-338128969-preview.mp4,1,,,1,,1,Car,White / Black
,large-hail-falling-on-a-white-pickup-truck-during-a-hail-ice-storm-in-the-summ-SBV-333680942-preview.mp4,1,,1,,,1,Car,White
Lamp,,,,,,,,3,
,illuminated-public-lamp-in-dark-night-and-heavy-rain-town-streetlight-SBV-316279278-preview.mp4,,1,,1,,1,Lamp,Black / Yellow
,rain-at-night-and-a-lantern-in-slow-motion-SBV-316279328-preview.mp4,,1,1,,,1,Lamp,Black / Yellow
,rain-at-night-and-a-lantern-in-slow-motion-SBV-316279330-preview.mp4,,1,1,,,1,Lamp,Black / Yellow